# bigram	frequency
aa	13392
ab	1203849
ac	2219296
ad	2876741
ae	81283
af	469087
ag	1204344
ah	86431
ai	2510736
aj	45048
ak	822388
al	4622155
am	1610395
an	12315713
ao	25487
ap	1055869
aq	4924
ar	6203507
as	5709926
at	8114656
au	684842
av	1578968
aw	536506
ax	73858
ay	1710288
az	90138
ba	726910
bb	87918
bc	644
bd	11421
be	3798740
bf	253
bg	260
bh	4649
bi	424664
bj	105433
bk	574
bl	1302482
bm	15734
bn	7288
bo	1140702
bp	177
bq	8
br	668890
bs	205620
bt	121540
bu	1183063
bv	9806
bw	1219
bx	1
by	999355
bz	88
ca	2259971
cb	984
cc	453665
cd	3732
ce	3513959
cf	779
cg	498
ch	3267507
ci	1044358
cj	10
ck	925655
cl	710849
cm	882
cn	1387
co	3609272
cp	441
cq	37989
cr	726061
cs	45547
ct	1916629
cu	666485
cv	92
cw	273
cx	324
cy	129920
cz	628
da	940192
db	5974
dc	4999
dd	306083
de	4091376
df	28745
dg	179532
dh	21209
di	2409707
dj	15455
dk	5347
dl	271559
dm	96548
dn	128390
do	1453203
dp	3184
dq	2990
dr	567936
ds	809349
dt	11191
du	449830
dv	103535
dw	46506
dx	10
dy	360103
dz	388
ea	4607205
eb	155593
ec	2280315
ed	7805967
ee	2839722
ef	933186
eg	540490
eh	147038
ei	1243103
ej	30788
ek	116744
el	3235254
em	2039661
en	8326622
eo	305120
ep	966201
eq	190095
er	12934901
es	6783768
et	2499226
eu	114800
ev	1414234
ew	677613
ex	894734
ey	1258351
ez	30480
fa	1043958
fb	134
fc	281
fd	401
fe	1410143
ff	760967
fg	861
fh	572
fi	1367025
fj	187
fk	115
fl	384066
fm	841
fn	1332
fo	2869774
fp	708
fq	2
fr	1242560
fs	28293
ft	602744
fu	649226
fv	117
fw	887
fx	2
fy	37842
fz	54
ga	890709
gb	5492
gc	416
gd	19832
ge	1931850
gf	4732
gg	161875
gh	1944376
gi	777881
gj	61
gk	708
gl	463763
gm	32861
gn	269963
go	856077
gp	1015
gq	4
gr	1096998
gs	349745
gt	87371
gu	430380
gv	110
gw	5395
gx	5
gy	52572
gz	638
ha	6967591
hb	35315
hc	3548
hd	14224
he	21484684
hf	28194
hg	1461
hh	2938
hi	6198006
hj	114
hk	1984
hl	62996
hm	74419
hn	82222
ho	3374563
hp	1936
hq	1519
hr	540286
hs	93254
ht	1311810
hu	519136
hv	809
hw	26095
hx	15
hy	275430
hz	288
ia	1051585
ib	493267
ic	3051225
id	1994117
ie	2076261
if	1093111
ig	1609791
ih	6884
ii	45477
ij	3347
ik	345556
il	2666811
im	2082589
in	13597302
io	3051880
ip	436150
iq	27998
ir	2142678
is	6729622
it	6637233
iu	113615
iv	1337627
iw	2564
ix	112135
iy	2315
iz	185925
ja	40073
jb	10
jc	25
jd	91
je	404608
jf	9
jg	34
jh	135
ji	6332
jj	210
jk	198
jl	41
jm	136
jn	609
jo	172858
jp	298
jq	0
jr	115
js	141
jt	51
ju	263672
jv	9
jw	6
jx	2
jy	152
jz	4
ka	60568
kb	4680
kc	1101
kd	1003
ke	1701308
kf	17409
kg	3514
kh	13173
ki	652399
kj	176
kk	1820
kl	82137
km	8408
kn	486863
ko	27802
kp	1041
kq	7
kr	5683
ks	428528
kt	3908
ku	8936
kv	358
kw	14057
kx	2
ky	49764
kz	36
la	2805282
lb	36574
lc	56472
ld	2012500
le	5038239
lf	489413
lg	37445
lh	7721
li	3348377
lj	390
lk	182436
ll	4235407
lm	157166
ln	32936
lo	2267154
lp	109882
lq	741
lr	70424
ls	600478
lt	543048
lu	568081
lv	185312
lw	101304
lx	604
ly	2589130
lz	3453
ma	2923135
mb	474640
mc	1865
md	1389
me	4724108
mf	32893
mg	573
mh	2631
mi	1562884
mj	85
mk	1143
ml	31656
mm	415443
mn	67759
mo	1875977
mp	1042198
mq	492
mr	8440
ms	553471
mt	8628
mu	642704
mv	1322
mw	3292
mx	8
my	727163
mz	214
na	1366255
nb	281526
nc	2084120
nd	9414961
ne	4327022
nf	326686
ng	6239065
nh	60699
ni	1674922
nj	63162
nk	445067
nl	457557
nm	87142
nn	493180
no	3120135
np	25280
nq	63121
nr	54341
ns	2299629
nt	4962149
nu	346004
nv	202644
nw	47285
nx	25901
ny	772297
nz	18006
oa	390733
ob	449522
oc	620101
od	1013147
oe	270012
of	6796521
og	274294
oh	93154
oi	531332
oj	239458
ok	652692
ol	1804856
om	3240116
on	8830487
oo	1933683
op	1106675
oq	13524
or	7218531
os	1663622
ot	2906507
ou	7425307
ov	1050595
ow	2571527
ox	48384
oy	288709
oz	23805
pa	1540018
pb	6035
pc	674
pd	4325
pe	2409684
pf	3172
pg	19319
ph	325260
pi	763496
pj	220
pk	3588
pl	1324561
pm	26678
pn	3888
po	1725805
pp	805170
pq	11
pr	1901877
ps	271689
pt	509969
pu	514720
pv	38
pw	8951
px	5
py	149099
pz	458
qa	123
qb	4
qc	2
qd	5
qe	104
qf	11
qg	1
qh	11
qi	36
qj	0
qk	0
ql	4
qm	2
qn	10
qo	12
qp	0
qq	662
qr	99
qs	28
qt	46
qu	754770
qv	11
qw	7
qx	8
qy	8
qz	3
ra	3193102
rb	131499
rc	583069
rd	1315124
re	10687711
rf	189309
rg	711487
rh	95387
ri	3848979
rj	4952
rk	679970
rl	536247
rm	905131
rn	994927
ro	4127469
rp	205175
rq	8422
rr	813958
rs	2323238
rt	2070845
ru	705492
rv	309340
rw	102941
rx	560
ry	1560383
rz	4982
sa	1682340
sb	59486
sc	677053
sd	32236
se	5334516
sf	71474
sg	24337
sh	2401585
si	2470177
sj	902
sk	267358
sl	427525
sm	303465
sn	113469
so	2265313
sp	983103
sq	54135
sr	15226
ss	2326056
st	5812318
su	1462422
sv	4077
sw	239819
sx	1
sy	160250
sz	1094
ta	2537258
tb	8255
tc	216735
td	4708
te	6569019
tf	54585
tg	4514
th	22288309
ti	5135552
tj	1147
tk	2688
tl	888458
tm	242702
tn	101678
to	6741908
tp	37572
tq	386
tr	2150259
ts	1467672
tt	1357613
tu	1152774
tv	875
tw	435057
tx	2757
ty	1071482
tz	19172
ua	530740
ub	436397
uc	891233
ud	458716
ue	710781
uf	122981
ug	1018481
uh	6394
ui	599136
uj	2229
uk	33610
ul	2181271
um	630614
un	2505435
uo	58094
up	968744
uq	2745
ur	3191762
us	2780147
ut	3257233
uu	1815
uv	15811
uw	940
ux	25145
uy	20977
uz	19836
va	560130
vb	54
vc	21
vd	272
ve	5197932
vf	8
vg	111
vh	55
vi	1170501
vj	40
vk	142
vl	641
vm	59
vn	2841
vo	368238
vp	656
vq	2
vr	9369
vs	2047
vt	313
vu	13333
vv	833
vw	5
vx	19
vy	41160
vz	9
wa	3217410
wb	12905
wc	3170
wd	38964
we	2443044
wf	18073
wg	1365
wh	2825082
wi	2802707
wj	11
wk	11080
wl	104167
wm	4015
wn	668704
wo	1723496
wp	2326
wq	14
wr	212833
ws	229110
wt	15024
wu	9358
wv	29
ww	50533
wx	7
wy	17747
wz	196
xa	93021
xb	516
xc	177434
xd	159
xe	114458
xf	5161
xg	99
xh	24822
xi	125667
xj	8
xk	5
xl	2082
xm	475
xn	61
xo	11352
xp	274042
xq	5238
xr	24
xs	437
xt	228918
xu	13372
xv	3459
xw	729
xx	4981
xy	3732
xz	3
ya	120115
yb	32289
yc	17778
yd	20735
ye	672945
yf	7996
yg	6870
yh	8143
yi	226675
yj	172
yk	4767
yl	64551
ym	97412
yn	50766
yo	1573435
yp	45202
yq	35
yr	88862
ys	497276
yt	107860
yu	3782
yv	1776
yw	28740
yx	761
yy	422
yz	3115
za	63513
zb	690
zc	886
zd	900
ze	210896
zf	51
zg	914
zh	1401
zi	54565
zj	29
zk	1228
zl	14948
zm	1001
zn	514
zo	20320
zp	196
zq	78
zr	941
zs	617
zt	1043
zu	5050
zv	1022
zw	379
zx	1
zy	10486
zz	27727
